<?xml version="1.0" encoding="UTF-8"?>
<project-private xmlns="http://www.netbeans.org/ns/project-private/1">
    <editor-bookmarks xmlns="http://www.netbeans.org/ns/editor-bookmarks/2" lastBookmarkId="0"/>
    <open-files xmlns="http://www.netbeans.org/ns/projectui-open-files/2">
        <group>
            <file>file:/D:/Мои%20программы/Microchip%20XC/MPLABXProjects/Timer_init/main.c</file>
            <file>file:/D:/Мои%20программы/Microchip%20XC/MPLABXProjects/Timer_init/init.c</file>
        </group>
    </open-files>
</project-private>
